{"cameraMode":{"drawMode":0,"name":"Shaded","section":"Shading Mode"},"sceneLighting":true,"audioPlay":false,"sceneViewState":{"showFog":true,"showMaterialUpdate":false,"showSkybox":true,"showFlares":true,"showImageEffects":true,"showParticleSystems":true},"in2DMode":false,"pivot":{"x":-0.44814109802246096,"y":-2.608968734741211,"z":8.295923233032227},"rotation":{"x":-0.24684451520442964,"y":-0.6066834926605225,"z":0.20598164200782777,"w":-0.7270353436470032},"size":8.995226860046387,"orthographic":false}